stock_id,dates,open,close,volume
AAPL,2024-01-02,187.03,185.64,79912314.0
AAPL,2023-12-29,190.33,192.53,1062317718.0
AAPL,2023-11-30,171.0,189.95,1099760711.0
AAPL,2023-10-31,171.22,170.77,1172845791.0
AAPL,2023-09-29,189.485,171.21,1337873796.0
AAPL,2023-08-31,196.235,187.87,1323817340.0
AAPL,2023-07-31,193.78,196.45,996368613.0
AAPL,2023-06-30,177.7,193.97,1297863403.0
AAPL,2023-05-31,169.28,177.25,1275052503.0
AAPL,2023-04-28,164.27,169.68,967580718.0
AAPL,2023-03-31,146.83,164.9,1520461315.0
AAPL,2023-02-28,143.97,147.41,1307294493.0
AAPL,2023-01-31,130.28,144.29,1443652725.0
AAPL,2022-12-30,148.21,129.93,1675731304.0
AAPL,2022-11-30,155.08,148.03,1724948219.0
AAPL,2022-10-31,138.21,153.34,1868381344.0
AAPL,2022-09-30,156.64,138.2,2083968147.0
AAPL,2022-08-31,161.01,157.22,1509735435.0
AAPL,2022-07-29,136.04,162.51,1447364668.0
AAPL,2022-06-30,149.9,136.72,1749297959.0
AAPL,2022-05-31,156.71,148.84,2400305601.0
AAPL,2022-04-29,174.03,157.65,1683547838.0
AAPL,2022-03-31,164.695,174.61,2171827429.0
AAPL,2022-02-28,174.01,165.12,1628570227.0
AAPL,2022-01-31,177.83,174.78,2106513962.0
AAPL,2021-12-31,167.48,177.57,2443227128.0
AAPL,2021-11-30,148.985,165.3,1688864233.0
AAPL,2021-10-29,141.9,149.8,1565079040.0
AAPL,2021-09-30,152.83,141.5,1797948421.0
AAPL,2021-08-31,146.36,151.83,1462773381.0
AAPL,2021-07-30,136.6,145.86,1916751489.0
AAPL,2021-06-30,125.08,136.96,1606114354.0
AAPL,2021-05-28,132.04,124.61,1711935110.0
AAPL,2021-04-30,123.66,131.46,1889956694.0
AAPL,2021-03-31,123.75,122.15,2650845211.0
AAPL,2021-02-26,133.75,121.26,1825486961.0
AAPL,2021-01-29,133.52,131.96,2239366098.0
AAPL,2020-12-31,121.01,132.69,2319687808.0
AAPL,2020-11-30,109.11,119.05,2122724412.0
AAPL,2020-10-30,117.64,108.86,2895317580.0
AAPL,2020-09-30,132.76,115.81,3886793083.0
AAPL,2020-08-31,432.8,129.04,1184207050.0
AAPL,2020-07-31,365.12,425.04,755162226.0
AAPL,2020-06-30,317.75,364.8,810900890.0
AAPL,2020-05-29,286.25,317.94,701660022.0
AAPL,2020-04-30,246.5,293.8,816530808.0
AAPL,2020-03-31,282.28,254.29,1570331732.0
AAPL,2020-02-28,304.3,273.36,755223231.0
AAPL,2020-01-31,296.24,309.51,734044103.0
AAPL,2019-12-31,267.27,293.65,598871365.0
AAPL,2019-11-29,249.54,267.25,448922253.0
AAPL,2019-10-31,225.07,248.76,621478768.0
AAPL,2019-09-30,206.43,223.97,547408488.0
AAPL,2019-08-30,213.9,208.74,683515746.0
AAPL,2019-07-31,203.17,213.04,473957094.0
AAPL,2019-06-28,175.6,197.92,515218768.0
AAPL,2019-05-31,209.88,175.07,739456573.0
AAPL,2019-04-30,191.64,200.67,506117812.0
AAPL,2019-03-29,174.28,189.95,650981384.0
AAPL,2019-02-28,166.96,173.15,472540723.0
AAPL,2019-01-31,154.89,166.44,828099179.0
AAPL,2018-12-31,184.46,157.74,898917007.0
AAPL,2018-11-30,219.05,178.58,961321947.0
AAPL,2018-10-31,227.95,218.86,789748068.0
AAPL,2018-09-28,228.41,225.74,678972040.0
AAPL,2018-08-31,199.13,227.63,700318837.0
AAPL,2018-07-31,183.82,190.29,393843881.0
AAPL,2018-06-29,187.99,185.11,527624365.0
AAPL,2018-05-31,166.41,186.87,620976206.0
AAPL,2018-04-30,166.64,165.26,666360147.0
AAPL,2018-03-29,178.54,167.78,701387082.0
AAPL,2018-02-28,167.17,178.12,888378184.0
AAPL,2018-01-31,170.16,167.43,639245534.0
AAPL,2017-12-29,169.95,169.23,518560008.0
AAPL,2017-11-30,169.87,171.85,581374608.0
AAPL,2017-10-31,154.26,169.04,496135305.0
AAPL,2017-09-29,164.8,154.12,669594016.0
AAPL,2017-08-31,149.1,164.0,638221161.0
AAPL,2017-07-31,144.88,148.73,411377229.0
AAPL,2017-06-30,153.17,144.02,664986406.0
AAPL,2017-05-31,145.1,152.76,635292989.0
AAPL,2017-04-28,143.71,143.65,371280180.0
AAPL,2017-03-31,137.89,143.66,562091214.0
AAPL,2017-02-28,127.03,136.99,574968547.0
AAPL,2017-01-31,115.8,121.35,563331160.0
AAPL,2016-12-30,110.365,115.82,608771645.0
AAPL,2016-11-30,113.46,110.52,721554967.0
AAPL,2016-10-31,112.71,113.54,686914224.0
AAPL,2016-09-30,106.14,113.05,970096738.0
AAPL,2016-08-31,104.41,106.1,630128567.0
AAPL,2016-07-29,95.49,104.21,685779613.0
AAPL,2016-06-30,99.02,95.6,780630235.0
AAPL,2016-05-31,93.965,99.86,901144768.0
AAPL,2016-04-29,108.78,93.74,872383623.0
AAPL,2016-03-31,97.65,108.99,745756771.0
AAPL,2016-02-29,96.47,96.69,810862547.0
AAPL,2016-01-29,102.61,97.34,1271848087.0
AAPL,2015-12-31,118.75,105.26,922626259.0
AAPL,2015-11-30,119.87,118.3,750606735.0
AAPL,2015-10-30,109.07,119.5,1113703829.0
AAPL,2015-09-30,110.18,109.95,1203789074.0
AAPL,2015-08-31,121.5,112.76,1606359115.0
AAPL,2015-07-31,126.9,121.3,1058280697.0
AAPL,2015-06-30,131.2,125.425,878606841.0
AAPL,2015-05-29,126.1,130.28,954152126.0
AAPL,2015-04-30,124.82,125.15,996135511.0
AAPL,2015-03-31,129.25,124.43,1138641910.0
AAPL,2015-02-27,118.05,128.46,1136535493.0
AAPL,2015-01-30,111.39,117.16,1304879185.0
AAPL,2014-12-31,118.81,110.38,1073775862.0
AAPL,2014-11-28,108.22,118.93,820471729.0
AAPL,2014-10-31,100.59,108.0,1360280122.0
AAPL,2014-09-30,103.06,100.75,1523782675.0
AAPL,2014-08-29,94.9,102.5,930931500.0
AAPL,2014-07-31,93.52,95.6,1035191700.0
AAPL,2014-06-30,633.96,92.93,853194497.0
AAPL,2014-05-30,592.0,633.0,204845300.0
AAPL,2014-04-30,537.76,590.09,229823600.0
AAPL,2014-03-31,523.42,536.74,178632100.0
AAPL,2014-02-28,502.61,526.24,210013100.0
AAPL,2014-01-31,555.68,500.6,313069800.0
AAPL,2013-12-31,558.0,561.02,252049900.0
AAPL,2013-11-29,524.02,556.07,186612700.0
AAPL,2013-10-31,478.45,522.702,279919000.0
AAPL,2013-09-30,493.1,476.75,308247900.0
AAPL,2013-08-30,455.7527,487.216,287797800.0
AAPL,2013-07-31,402.69,452.53,233504100.0
AAPL,2013-06-28,450.73,396.53,250662000.0
AAPL,2013-05-31,444.46,449.735,337411800.0
AAPL,2013-04-30,441.9,442.78,391553200.0
AAPL,2013-03-28,438.0,442.66,327745600.0
AAPL,2013-02-28,459.11,441.4,333715500.0
AAPL,2013-01-31,553.82,455.49,468693700.0
AAPL,2012-12-31,593.65,532.1729,433312600.0
AAPL,2012-11-30,598.22,585.28,461780400.0
AAPL,2012-10-31,671.5,595.32,433672500.0
AAPL,2012-09-28,665.76,667.105,328535900.0
AAPL,2012-08-31,615.905,665.24,295578800.0
AAPL,2012-07-31,584.73,610.76,318201800.0
AAPL,2012-06-29,569.16,584.0,280565200.0
AAPL,2012-05-31,584.9,577.73,396655200.0
AAPL,2012-04-30,601.83,583.98,557106800.0
AAPL,2012-03-30,548.17,599.55,556583500.0
AAPL,2012-02-29,458.41,542.44,406019800.0
AAPL,2012-01-31,409.4,456.48,244994800.0
AAPL,2011-12-30,382.54,405.0,225233300.0
AAPL,2011-11-30,397.41,382.2,320132200.0
AAPL,2011-10-31,380.37,404.78,469336700.0
AAPL,2011-09-30,385.82,381.32,427766000.0
AAPL,2011-08-31,397.78,384.83,576521400.0
AAPL,2011-07-29,335.95,390.48,380498100.0
AAPL,2011-06-30,348.87,335.67,330851800.0
AAPL,2011-05-31,349.74,347.83,246859300.0
AAPL,2011-04-29,351.11,350.13,330493900.0
AAPL,2011-03-31,355.47,348.5075,403802100.0
AAPL,2011-02-28,341.3,353.21,331998200.0
AAPL,2011-01-31,325.64,339.32,387197700.0
AAPL,2010-12-31,315.27,322.56,249044100.0
AAPL,2010-11-30,302.22,311.15,339574500.0
AAPL,2010-10-29,283.75,300.98,436949200.0
AAPL,2010-09-30,247.47,283.75,423211400.0
AAPL,2010-08-31,260.44,243.1,342468600.0
AAPL,2010-07-30,254.3,257.25,559632300.0
AAPL,2010-06-30,259.69,251.53,594687600.0
AAPL,2010-05-28,263.84,256.88,645809100.0
AAPL,2010-04-30,237.49,261.09,441683200.0
AAPL,2010-03-31,205.75,235.0,434077600.0
AAPL,2010-02-26,192.37,204.62,384860000.0
AAPL,2010-01-29,213.43,192.063,541749800.0
AAPL,2009-12-31,202.24,210.732,406927100.0
AAPL,2009-11-30,189.8,199.91,301956600.0
AAPL,2009-10-30,185.35,188.5,462720600.0
AAPL,2009-09-30,167.99,185.35,356761400.0
AAPL,2009-08-31,165.21,168.21,291611600.0
AAPL,2009-07-31,143.5,163.39,390790600.0
AAPL,2009-06-30,136.47,142.43,452699000.0
AAPL,2009-05-29,125.8,135.81,337755100.0
AAPL,2009-04-30,104.09,125.83,422202900.0
AAPL,2009-03-31,89.31,105.12,550878500.0
AAPL,2009-02-27,89.1,89.31,495266100.0
AAPL,2009-01-30,85.88,90.13,646633600.0
AAPL,2008-12-31,91.3,85.35,721923100.0
AAPL,2008-11-28,105.93,92.67,843552200.0
AAPL,2008-10-31,111.92,107.59,1479525400.0
AAPL,2008-09-30,172.4,113.66,859555800.0
AAPL,2008-08-29,159.94,169.53,467348400.0
AAPL,2008-07-31,164.05,158.95,705348600.0
AAPL,2008-06-30,188.5,167.44,695564100.0
AAPL,2008-05-30,175.01,188.75,663864800.0
AAPL,2008-04-30,146.3,173.95,813820800.0
AAPL,2008-03-31,124.44,143.5,818831200.0
AAPL,2008-02-29,136.24,125.02,888069800.0
AAPL,2008-01-31,199.27,135.36,1256210300.0
AAPL,2007-12-31,181.86,198.08,616167100.0
AAPL,2007-11-30,188.6,182.22,935706800.0
AAPL,2007-10-31,154.63,189.95,831349700.0
AAPL,2007-09-28,139.94,153.47,747543700.0
AAPL,2007-08-31,133.64,138.48,870028500.0
AAPL,2007-07-31,121.05,131.76,857806200.0
AAPL,2007-06-29,121.1,122.04,831412200.0
AAPL,2007-05-31,99.59,121.191,620181000.0
AAPL,2007-04-30,94.14,99.8,480705000.0
AAPL,2007-03-30,84.03,92.91,568523000.0
AAPL,2007-02-28,86.23,84.61,490084100.0
AAPL,2007-01-31,86.29,85.73,971777900.0
AAPL,2006-12-29,91.8,84.84,603242600.0
AAPL,2006-11-30,81.1,91.66,494103000.0
AAPL,2006-10-31,75.1,81.08,513855600.0
AAPL,2006-09-29,68.48,76.98,632912800.0
AAPL,2006-08-31,67.22,67.85,638844500.0
AAPL,2006-07-31,57.52,67.96,624276500.0
AAPL,2006-06-30,59.85,57.27,640593700.0
AAPL,2006-05-31,70.78,59.77,557456400.0
AAPL,2006-04-28,63.66,70.39,718545800.0
AAPL,2006-03-31,69.0,62.72,828308300.0
AAPL,2006-02-28,75.0,68.49,670024900.0
AAPL,2006-01-31,72.332,75.51,781370400.0
AAPL,2005-12-30,68.95,71.89,466577300.0
AAPL,2005-11-30,57.24,67.82,480586700.0
AAPL,2005-10-31,54.16,57.59,665837400.0
AAPL,2005-09-30,47.0,53.61,440991800.0
AAPL,2005-08-31,42.6,46.89,335743100.0
AAPL,2005-07-29,36.83,42.65,360508800.0
AAPL,2005-06-30,39.89,36.81,404542700.0
AAPL,2005-05-31,36.21,39.7593,459224800.0
AAPL,2005-04-29,42.09,36.06,691982800.0
AAPL,2005-03-31,44.99,41.67,524140000.0
AAPL,2005-02-28,77.05,44.86,383016900.0
AAPL,2005-01-31,64.78,76.9,459075800.0
AAPL,2004-12-31,67.79,64.4,284796700.0
AAPL,2004-11-30,52.5,67.05,311421500.0
AAPL,2004-10-29,39.15,52.4,287399400.0
AAPL,2004-09-30,34.3,38.75,137026900.0
AAPL,2004-08-31,31.18,34.49,143060100.0
AAPL,2004-07-30,32.08,32.34,173153200.0
AAPL,2004-06-30,27.79,32.54,146914900.0
AAPL,2004-05-28,26.0,28.06,94719200.0
AAPL,2004-04-30,26.9,25.78,159467400.0
AAPL,2004-03-31,24.09,27.04,207609200.0
AAPL,2004-02-27,22.46,23.92,87893400.0
AAPL,2004-01-30,21.55,22.56,141567900.0
AAPL,2003-12-31,21.04,21.37,97390600.0
AAPL,2003-11-28,22.83,20.91,88823300.0
AAPL,2003-10-31,20.75,22.89,125717700.0
AAPL,2003-09-30,22.66,20.72,95490800.0
AAPL,2003-08-29,21.0,22.61,76920800.0
AAPL,2003-07-31,18.87,21.08,93183400.0
AAPL,2003-06-30,18.1,19.06,109166700.0
AAPL,2003-05-30,14.25,17.95,193063300.0
AAPL,2003-04-30,14.2,14.22,138845400.0
AAPL,2003-03-31,15.01,14.14,71935800.0
AAPL,2003-02-28,14.41,15.01,73469700.0
AAPL,2003-01-31,14.36,14.36,107961300.0
AAPL,2002-12-31,15.9,14.33,80900700.0
AAPL,2002-11-29,15.94,15.5,80923600.0
AAPL,2002-10-31,14.59,16.07,118061300.0
AAPL,2002-09-30,14.49,14.5,94497100.0
AAPL,2002-08-30,15.11,14.75,91994400.0
AAPL,2002-07-31,17.71,15.26,144971700.0
AAPL,2002-06-28,23.39,17.72,155500300.0
AAPL,2002-05-31,24.29,23.3,106717100.0
AAPL,2002-04-30,24.7,24.27,114693500.0
AAPL,2002-03-28,21.93,23.67,94974700.0
AAPL,2002-02-28,24.96,21.7,139954000.0
AAPL,2002-01-31,22.05,24.72,152060300.0
AAPL,2001-12-31,21.06,21.9,82675700.0
AAPL,2001-11-30,17.65,21.3,95888300.0
AAPL,2001-10-31,15.49,17.56,134718700.0
AAPL,2001-09-28,18.5,15.51,98777200.0
AAPL,2001-08-31,19.01,18.55,91595700.0
AAPL,2001-07-31,23.64,18.79,154555400.0
AAPL,2001-06-29,20.13,23.25,136397600.0
AAPL,2001-05-31,25.41,19.95,133364900.0
AAPL,2001-04-30,22.09,25.49,199267700.0
AAPL,2001-03-30,17.81,22.07,192840400.0
AAPL,2001-02-28,20.69,18.25,125424400.0
AAPL,2001-01-31,14.88,21.62,244811800.0
AAPL,2000-12-29,17.0,14.88,158195900.0
AAPL,2000-11-30,19.44,16.5,151578100.0
AAPL,2000-10-31,26.69,19.56,391174800.0
AAPL,2000-09-29,61.31,25.75,259230900.0
AAPL,2000-08-31,50.31,60.94,100644400.0
AAPL,2000-07-31,52.13,50.81,102620900.0
AAPL,2000-06-30,81.75,52.38,89106200.0
AAPL,2000-05-31,124.87,84.0,87569200.0
AAPL,2000-04-28,135.5,124.06,77342900.0
AAPL,2000-03-31,118.56,135.81,77663900.0
AAPL,2000-02-29,104.0,114.62,65355200.0
AAPL,2000-01-31,104.87,103.75,112099800.0
AAPL,1999-12-31,101.0,102.81,84091200.0
AMZN,2024-01-02,151.64,149.93,45256247.0
AMZN,2023-12-29,146.0,151.94,930652363.0
AMZN,2023-11-30,133.96,146.09,1026201791.0
AMZN,2023-10-31,127.28,133.09,1224706726.0
AMZN,2023-09-29,139.455,127.12,1120523243.0
AMZN,2023-08-31,133.55,138.01,1213497007.0
AMZN,2023-07-31,130.82,133.68,1059097946.0
AMZN,2023-06-30,120.69,130.36,1243071267.0
AMZN,2023-05-31,104.95,120.58,1432007632.0
AMZN,2023-04-28,102.3,105.45,1222124091.0
AMZN,2023-03-31,93.87,103.29,1349466996.0
AMZN,2023-02-28,102.53,94.23,1364198308.0
AMZN,2023-01-31,85.46,103.13,1523798384.0
AMZN,2022-12-30,96.99,84.0,1549193116.0
AMZN,2022-11-30,103.99,96.54,2035252422.0
AMZN,2022-10-31,113.58,102.44,1459511591.0
AMZN,2022-09-30,126.0,113.0,1209987592.0
AMZN,2022-08-31,134.96,126.77,1170389539.0
AMZN,2022-07-29,106.29,134.95,1338005773.0
AMZN,2022-06-30,2445.12,106.21,1457571482.0
AMZN,2022-05-31,2448.02,2404.19,112895255.0
AMZN,2022-04-29,3282.99,2485.63,73072079.0
AMZN,2022-03-31,3054.65,3259.95,81145583.0
AMZN,2022-02-28,3000.0,3071.26,84446686.0
AMZN,2022-01-31,3351.0,2991.47,76146845.0
AMZN,2021-12-31,3545.0,3334.34,64405344.0
AMZN,2021-11-30,3361.8,3507.07,75633992.0
AMZN,2021-10-29,3289.01,3372.43,63680713.0
AMZN,2021-09-30,3496.396,3285.04,62540133.0
AMZN,2021-08-31,3353.1,3470.79,62844829.0
AMZN,2021-07-30,3434.61,3327.59,82554006.0
AMZN,2021-06-30,3243.495,3440.16,66960544.0
AMZN,2021-05-28,3484.73,3223.07,75191624.0
AMZN,2021-04-30,3117.94,3467.42,76843571.0
AMZN,2021-03-31,3127.89,3094.08,78204991.0
AMZN,2021-02-26,3242.36,3092.93,70893385.0
AMZN,2021-01-29,3270.0,3206.2,71427780.0
AMZN,2020-12-31,3188.5,3256.93,77463508.0
AMZN,2020-11-30,3061.74,3168.04,90800583.0
AMZN,2020-10-30,3208.0,3036.15,116252115.0
AMZN,2020-09-30,3489.58,3148.73,115969967.0
AMZN,2020-08-31,3180.51,3450.96,83519879.0
AMZN,2020-07-31,2757.99,3164.68,127304238.0
AMZN,2020-06-30,2448.0,2758.82,87845661.0
AMZN,2020-05-29,2336.8,2442.37,82620883.0
AMZN,2020-04-30,1932.97,2474.0,124631816.0
AMZN,2020-03-31,1906.49,1949.72,163796017.0
AMZN,2020-02-28,2010.6,1883.75,92555977.0
AMZN,2020-01-31,1875.0,2008.72,84743300.0
AMZN,2019-12-31,1804.4,1847.84,68522009.0
AMZN,2019-11-29,1788.01,1800.8,52060472.0
AMZN,2019-10-31,1746.0,1776.66,71821008.0
AMZN,2019-09-30,1770.0,1735.91,62003799.0
AMZN,2019-08-30,1871.72,1776.29,79978762.0
AMZN,2019-07-31,1922.98,1866.78,73190780.0
AMZN,2019-06-28,1760.01,1893.63,74746589.0
AMZN,2019-05-31,1933.09,1775.07,98214360.0
AMZN,2019-04-30,1800.11,1926.52,81293632.0
AMZN,2019-03-29,1655.13,1780.75,100832035.0
AMZN,2019-02-28,1638.88,1639.83,80936924.0
AMZN,2019-01-31,1465.2,1718.73,134015530.0
AMZN,2018-12-31,1769.46,1501.97,154812304.0
AMZN,2018-11-30,1623.53,1690.17,139290208.0
AMZN,2018-10-31,2021.99,1598.01,183228552.0
AMZN,2018-09-28,2026.5,2003.0,94445693.0
AMZN,2018-08-31,1784.0,2012.71,96575676.0
AMZN,2018-07-31,1682.7,1777.44,97629820.0
AMZN,2018-06-29,1637.03,1699.8,85941510.0
AMZN,2018-05-31,1563.22,1629.62,71615299.0
AMZN,2018-04-30,1417.62,1566.13,129945743.0
AMZN,2018-03-29,1513.6,1447.34,128401298.0
AMZN,2018-02-28,1445.0,1512.45,133362428.0
AMZN,2018-01-31,1172.0,1450.89,94145634.0
AMZN,2017-12-29,1172.05,1169.47,56130525.0
AMZN,2017-11-30,1105.4,1176.75,76226064.0
AMZN,2017-10-31,964.0,1105.28,80304293.0
AMZN,2017-09-29,984.2,961.35,58038449.0
AMZN,2017-08-31,996.11,980.6,75779478.0
AMZN,2017-07-31,972.79,987.78,76564735.0
AMZN,2017-06-30,998.59,968.0,94729701.0
AMZN,2017-05-31,927.8,994.62,75223469.0
AMZN,2017-04-28,888.0,924.99,72336605.0
AMZN,2017-03-31,853.05,886.54,60722752.0
AMZN,2017-02-28,829.21,845.04,71748231.0
AMZN,2017-01-31,757.92,823.48,70714587.0
AMZN,2016-12-30,752.41,749.87,73660584.0
AMZN,2016-11-30,799.0,750.57,110085967.0
AMZN,2016-10-31,836.0,789.82,77063812.0
AMZN,2016-09-30,770.9,837.31,67354133.0
AMZN,2016-08-31,759.87,769.16,50000397.0
AMZN,2016-07-29,717.32,758.81,68635440.0
AMZN,2016-06-30,720.9,715.62,74556809.0
AMZN,2016-05-31,663.92,722.79,90623145.0
AMZN,2016-04-29,590.49,659.59,78464320.0
AMZN,2016-03-31,556.29,593.64,93964682.0
AMZN,2016-02-29,578.15,552.52,124144797.0
AMZN,2016-01-29,656.29,587.0,130200780.0
AMZN,2015-12-31,673.75,675.89,90220804.0
AMZN,2015-11-30,627.13,664.8,87301503.0
AMZN,2015-10-30,511.0,625.9,97188843.0
AMZN,2015-09-30,499.14,511.67,76602841.0
AMZN,2015-08-31,537.45,512.89,82893196.0
AMZN,2015-07-31,439.35,536.15,102069942.0
AMZN,2015-06-30,430.4,434.09,54989227.0
AMZN,2015-05-29,423.82,429.23,51984199.0
AMZN,2015-04-30,372.1,421.78,84404887.0
AMZN,2015-03-31,380.85,372.1,55502746.0
AMZN,2015-02-27,350.05,380.16,70847240.0
AMZN,2015-01-30,312.58,354.53,103040529.0
AMZN,2014-12-31,338.12,310.35,86874154.0
AMZN,2014-11-28,306.24,338.64,68993021.0
AMZN,2014-10-31,322.04,305.46,111120640.0
AMZN,2014-09-30,339.98,322.44,68006506.0
AMZN,2014-08-29,313.69,339.04,62015200.0
AMZN,2014-07-31,325.86,312.99,99337300.0
AMZN,2014-06-30,312.59,324.78,76493200.0
AMZN,2014-05-30,304.13,312.55,78579200.0
AMZN,2014-04-30,338.09,304.13,138278700.0
AMZN,2014-03-31,358.735,336.365,75253500.0
AMZN,2014-02-28,358.98,362.1,83009000.0
AMZN,2014-01-31,398.8,358.69,81011900.0
AMZN,2013-12-31,399.0,398.79,55686700.0
AMZN,2013-11-29,365.63,393.62,54207700.0
AMZN,2013-10-31,314.22,364.03,77295400.0
AMZN,2013-09-30,284.73,312.64,43468800.0
AMZN,2013-08-30,303.08,280.98,43773900.0
AMZN,2013-07-31,279.0,301.22,67536900.0
AMZN,2013-06-28,268.96,277.69,58575800.0
AMZN,2013-05-31,253.9,269.2,59050500.0
AMZN,2013-04-30,266.98,253.81,76916200.0
AMZN,2013-03-28,263.27,266.49,58505700.0
AMZN,2013-02-28,268.93,264.27,68661700.0
AMZN,2013-01-31,256.08,265.5,84226400.0
AMZN,2012-12-31,252.54,250.87,60871200.0
AMZN,2012-11-30,234.23,252.05,67213600.0
AMZN,2012-10-31,255.4,232.8931,81568500.0
AMZN,2012-09-28,248.27,254.32,63570500.0
AMZN,2012-08-31,234.14,248.27,60192400.0
AMZN,2012-07-31,229.3,233.3,77340200.0
AMZN,2012-06-29,208.44,228.35,65745600.0
AMZN,2012-05-31,229.4,212.91,92774300.0
AMZN,2012-04-30,198.02,231.9,110535400.0
AMZN,2012-03-30,179.89,202.51,112975100.0
AMZN,2012-02-29,173.81,179.69,146580400.0
AMZN,2012-01-31,175.89,194.44,110536900.0
AMZN,2011-12-30,191.85,173.1,125595200.0
AMZN,2011-11-30,208.11,192.29,136588100.0
AMZN,2011-10-31,217.01,213.51,159214400.0
AMZN,2011-09-30,215.28,216.23,143623300.0
AMZN,2011-08-31,225.0,215.23,155194700.0
AMZN,2011-07-29,205.55,222.52,92808500.0
AMZN,2011-06-30,196.06,204.49,95563700.0
AMZN,2011-05-31,196.57,196.69,106274500.0
AMZN,2011-04-29,181.58,195.81,116749400.0
AMZN,2011-03-31,173.53,180.13,118979100.0
AMZN,2011-02-28,170.52,173.29,95776400.0
AMZN,2011-01-31,181.37,169.64,113611300.0
AMZN,2010-12-31,179.16,180.0,93661700.0
AMZN,2010-11-30,164.45,175.4,131011400.0
AMZN,2010-10-29,157.06,165.23,142883500.0
AMZN,2010-09-30,126.36,157.06,134321000.0
AMZN,2010-08-31,119.15,124.83,113419800.0
AMZN,2010-07-30,108.9,117.89,175326200.0
AMZN,2010-06-30,124.97,109.26,133378500.0
AMZN,2010-05-28,137.2,125.46,140909900.0
AMZN,2010-04-30,135.8,137.1,173025100.0
AMZN,2010-03-31,118.85,135.77,158042600.0
AMZN,2010-02-26,123.18,118.4,210145800.0
AMZN,2010-01-29,136.25,125.41,230861000.0
AMZN,2009-12-31,136.97,134.52,207471100.0
AMZN,2009-11-30,118.66,135.91,160305100.0
AMZN,2009-10-30,92.5,118.81,268616400.0
AMZN,2009-09-30,80.74,93.36,128121800.0
AMZN,2009-08-31,86.56,81.19,112622900.0
AMZN,2009-07-31,84.42,85.76,175461400.0
AMZN,2009-06-30,78.21,83.66,152085400.0
AMZN,2009-05-29,80.38,77.99,137603400.0
AMZN,2009-04-30,73.015,80.52,185032000.0
AMZN,2009-03-31,63.94,73.44,227672300.0
AMZN,2009-02-27,58.57,64.79,186780200.0
AMZN,2009-01-30,51.35,58.82,204072300.0
AMZN,2008-12-31,42.0,51.28,206194300.0
AMZN,2008-11-28,56.35,42.7,228051500.0
AMZN,2008-10-31,71.78,57.24,332074700.0
AMZN,2008-09-30,83.16,72.76,192463400.0
AMZN,2008-08-29,76.36,80.81,149044400.0
AMZN,2008-07-31,72.21,76.34,215813300.0
AMZN,2008-06-30,81.54,73.33,152905700.0
AMZN,2008-05-30,78.74,81.62,152573200.0
AMZN,2008-04-30,74.925,78.63,197849400.0
AMZN,2008-03-31,63.59,71.3,192685600.0
AMZN,2008-02-29,79.02,64.47,211217800.0
AMZN,2008-01-31,95.35,77.7,288335400.0
AMZN,2007-12-31,90.03,92.64,127062200.0
AMZN,2007-11-30,87.75,90.56,180196500.0
AMZN,2007-10-31,93.42,89.15,231988500.0
AMZN,2007-09-28,79.9,93.15,122273200.0
AMZN,2007-08-31,78.1,79.91,175514000.0
AMZN,2007-07-31,68.81,78.54,264827800.0
AMZN,2007-06-29,68.9,68.41,238788700.0
AMZN,2007-05-31,61.12,69.14,330242400.0
AMZN,2007-04-30,39.85,61.33,315622753.0
AMZN,2007-03-30,39.32,39.79,142153100.0
AMZN,2007-02-28,37.95,39.14,157975400.0
AMZN,2007-01-31,38.68,37.67,130435300.0
AMZN,2006-12-29,40.26,39.46,121040700.0
AMZN,2006-11-30,38.125,40.34,146802400.0
AMZN,2006-10-31,31.98,38.09,209485000.0
AMZN,2006-09-29,30.85,32.12,146018700.0
AMZN,2006-08-31,26.55,30.83,159186800.0
AMZN,2006-07-31,38.52,26.89,228663400.0
AMZN,2006-06-30,34.625,38.68,115117400.0
AMZN,2006-05-31,35.06,34.61,146896000.0
AMZN,2006-04-28,36.56,35.21,106758600.0
AMZN,2006-03-31,37.43,36.53,122178100.0
AMZN,2006-02-28,43.91,37.44,165544700.0
AMZN,2006-01-31,47.47,44.82,123410300.0
AMZN,2005-12-30,48.88,47.15,121167800.0
AMZN,2005-11-30,39.97,48.46,216455300.0
AMZN,2005-10-31,45.33,39.86,146980100.0
AMZN,2005-09-30,42.52,45.3,104700400.0
AMZN,2005-08-31,44.88,42.7,114751100.0
AMZN,2005-07-29,33.24,45.15,182601100.0
AMZN,2005-06-30,35.57,33.09,106233600.0
AMZN,2005-05-31,32.3,35.51,116947800.0
AMZN,2005-04-29,34.63,32.36,162491300.0
AMZN,2005-03-31,35.06,34.27,119566600.0
AMZN,2005-02-28,43.0,35.18,218655100.0
AMZN,2005-01-31,44.95,43.22,194935200.0
AMZN,2004-12-31,40.0,44.29,176014800.0
AMZN,2004-11-30,34.23,39.68,168474900.0
AMZN,2004-10-29,41.25,34.13,208568400.0
AMZN,2004-09-30,38.23,40.86,176176900.0
AMZN,2004-08-31,38.32,38.14,180022400.0
AMZN,2004-07-30,53.73,38.92,202437000.0
AMZN,2004-06-30,47.88,54.4,161251200.0
AMZN,2004-05-28,43.45,48.5,150196500.0
AMZN,2004-04-30,43.44,43.6,162636600.0
AMZN,2004-03-31,42.88,43.28,154770500.0
AMZN,2004-02-27,50.56,43.01,185747700.0
AMZN,2004-01-30,52.76,50.4,217934700.0
AMZN,2003-12-31,54.4,52.62,193675200.0
AMZN,2003-11-28,54.8,53.97,181979000.0
AMZN,2003-10-31,48.37,54.43,288225300.0
AMZN,2003-09-30,46.52,48.43,202836400.0
AMZN,2003-08-29,41.41,46.32,150718900.0
AMZN,2003-07-31,36.33,41.64,229239500.0
AMZN,2003-06-30,36.5,36.32,171470800.0
AMZN,2003-05-30,28.68,35.89,190833800.0
AMZN,2003-04-30,25.55,28.69,219644300.0
AMZN,2003-03-31,22.15,26.03,164093600.0
AMZN,2003-02-28,21.94,22.01,115941900.0
AMZN,2003-01-31,19.19,21.85,169197200.0
AMZN,2002-12-31,24.15,18.89,155610600.0
AMZN,2002-11-29,19.29,23.35,206336300.0
AMZN,2002-10-31,16.23,19.35,203538600.0
AMZN,2002-09-30,14.71,15.93,146027000.0
AMZN,2002-08-30,14.31,14.94,115341600.0
AMZN,2002-07-31,16.17,14.46,176592200.0
AMZN,2002-06-28,18.31,16.25,142617800.0
AMZN,2002-05-31,16.55,18.23,154840500.0
AMZN,2002-04-30,14.8,16.69,158958600.0
AMZN,2002-03-28,14.13,14.3,164817800.0
AMZN,2002-02-28,14.09,14.1,163988900.0
AMZN,2002-01-31,10.94,14.19,322739200.0
AMZN,2001-12-31,11.08,10.82,212455500.0
AMZN,2001-11-30,7.08,11.32,310965300.0
AMZN,2001-10-31,5.91,6.98,169882800.0
AMZN,2001-09-28,8.95,5.97,126843400.0
AMZN,2001-08-31,12.73,8.94,100687300.0
AMZN,2001-07-31,14.1,12.49,172078700.0
AMZN,2001-06-29,17.22,14.15,136695900.0
AMZN,2001-05-31,15.9,16.69,144686700.0
AMZN,2001-04-30,10.33,15.78,189780400.0
AMZN,2001-03-30,9.875,10.23,167635900.0
AMZN,2001-02-28,17.19,10.19,167374100.0
AMZN,2001-01-31,15.81,17.31,210486800.0
AMZN,2000-12-29,24.94,15.56,202112900.0
AMZN,2000-11-30,35.81,24.69,159338900.0
AMZN,2000-10-31,38.19,36.63,246733500.0
AMZN,2000-09-29,42.13,38.44,133739700.0
AMZN,2000-08-31,30.63,41.5,144464700.0
AMZN,2000-07-31,36.69,30.13,198524600.0
AMZN,2000-06-30,48.88,36.31,203140900.0
AMZN,2000-05-31,56.0,49.94,130688600.0
AMZN,2000-04-28,65.44,55.19,162012500.0
AMZN,2000-03-31,67.63,67.0,156584600.0
AMZN,2000-02-29,67.5,68.88,207457700.0
AMZN,2000-01-31,81.5,64.56,262209000.0
AMZN,1999-12-31,87.25,76.13,246476100.0
GOOGL,2024-01-02,138.66,138.17,23600504.0
GOOGL,2023-12-29,131.86,139.69,619214883.0
GOOGL,2023-11-30,124.07,132.53,535336827.0
GOOGL,2023-10-31,131.21,124.08,680762930.0
GOOGL,2023-09-29,137.455,130.86,477625238.0
GOOGL,2023-08-31,130.775,136.17,593521002.0
GOOGL,2023-07-31,119.24,132.72,707114432.0
GOOGL,2023-06-30,122.815,119.7,656884438.0
GOOGL,2023-05-31,106.84,122.87,820529683.0
GOOGL,2023-04-28,102.39,107.34,603728992.0
GOOGL,2023-03-31,89.98,103.73,860049034.0
GOOGL,2023-02-28,98.71,90.06,952709694.0
GOOGL,2023-01-31,89.585,98.84,672897542.0
GOOGL,2022-12-30,101.02,88.23,602717061.0
GOOGL,2022-11-30,95.45,100.99,716537649.0
GOOGL,2022-10-31,96.76,94.51,681653109.0
GOOGL,2022-09-30,108.28,95.65,612908183.0
GOOGL,2022-08-31,115.3,108.22,515791070.0
GOOGL,2022-07-29,2158.66,116.32,428144985.0
GOOGL,2022-06-30,2297.1,2179.26,38543689.0
GOOGL,2022-05-31,2268.1,2275.24,42514648.0
GOOGL,2022-04-29,2790.0,2282.19,37720682.0
GOOGL,2022-03-31,2697.57,2781.35,36383218.0
GOOGL,2022-02-28,2751.89,2701.14,46381207.0
GOOGL,2022-01-31,2901.1,2706.07,38092594.0
GOOGL,2021-12-31,2880.0,2897.04,30992881.0
GOOGL,2021-11-30,2960.92,2837.95,30278875.0
GOOGL,2021-10-29,2688.95,2960.92,36040000.0
GOOGL,2021-09-30,2900.0,2673.52,29545719.0
GOOGL,2021-08-31,2702.34,2893.95,23041294.0
GOOGL,2021-07-30,2434.5,2694.53,30452492.0
GOOGL,2021-06-30,2374.44,2441.79,27241174.0
GOOGL,2021-05-28,2364.91,2356.85,30175239.0
GOOGL,2021-04-30,2092.25,2353.5,35119920.0
GOOGL,2021-03-31,2048.0,2062.52,37837953.0
GOOGL,2021-02-26,1844.585,2021.91,33609952.0
GOOGL,2021-01-29,1760.0,1827.36,39569373.0
GOOGL,2020-12-31,1766.655,1752.64,30424255.0
GOOGL,2020-11-30,1623.54,1754.4,31560329.0
GOOGL,2020-10-30,1483.6608,1616.11,42753029.0
GOOGL,2020-09-30,1632.16,1465.6,41834280.0
GOOGL,2020-08-31,1491.0,1629.53,30731651.0
GOOGL,2020-07-31,1419.17,1487.95,41090608.0
GOOGL,2020-06-30,1425.7,1418.05,40715938.0
GOOGL,2020-05-29,1324.09,1433.52,36255952.0
GOOGL,2020-04-30,1124.0,1346.7,56214524.0
GOOGL,2020-03-31,1351.39,1161.95,78534591.0
GOOGL,2020-02-28,1461.65,1339.25,41565155.0
GOOGL,2020-01-31,1348.41,1432.78,33629150.0
GOOGL,2019-12-31,1302.56,1339.39,28279817.0
GOOGL,2019-11-29,1265.8,1304.09,26359574.0
GOOGL,2019-10-31,1222.49,1258.8,30611918.0
GOOGL,2019-09-30,1181.85,1221.14,26274335.0
GOOGL,2019-08-30,1217.63,1190.53,29345892.0
GOOGL,2019-07-31,1101.04,1218.2,35763639.0
GOOGL,2019-06-28,1066.93,1082.8,35623822.0
GOOGL,2019-05-31,1197.5,1106.5,37137156.0
GOOGL,2019-04-30,1187.54,1198.96,32374805.0
GOOGL,2019-03-29,1131.0,1176.89,33186195.0
GOOGL,2019-02-28,1122.29,1126.55,32610016.0
GOOGL,2019-01-31,1027.2,1125.89,34860110.0
GOOGL,2018-12-31,1132.16,1044.96,42869863.0
GOOGL,2018-11-30,1091.4,1109.65,39313400.0
GOOGL,2018-10-31,1213.0,1090.58,56549878.0
GOOGL,2018-09-28,1222.52,1207.08,35927191.0
GOOGL,2018-08-31,1239.11,1231.8,34298428.0
GOOGL,2018-07-31,1115.35,1227.22,41806085.0
GOOGL,2018-06-29,1112.87,1129.19,40184605.0
GOOGL,2018-05-31,1016.3,1100.0,37036543.0
GOOGL,2018-04-30,1027.62,1018.58,49252199.0
GOOGL,2018-03-29,1109.54,1037.14,50738448.0
GOOGL,2018-02-28,1175.99,1103.92,48581820.0
GOOGL,2018-01-31,1053.02,1182.22,31746835.0
GOOGL,2017-12-29,1030.41,1053.4,29093692.0
GOOGL,2017-11-30,1036.32,1036.17,27895294.0
GOOGL,2017-10-31,975.65,1033.04,35135039.0
GOOGL,2017-09-29,957.47,973.72,28940676.0
GOOGL,2017-08-31,947.81,955.24,31859046.0
GOOGL,2017-07-31,933.22,945.5,40338583.0
GOOGL,2017-06-30,990.96,929.68,43247076.0
GOOGL,2017-05-31,924.15,987.09,34853054.0
GOOGL,2017-04-28,848.75,924.52,24344962.0
GOOGL,2017-03-31,851.38,847.8,34553208.0
GOOGL,2017-02-28,824.0,844.93,26492197.0
GOOGL,2017-01-31,800.62,820.19,36840255.0
GOOGL,2016-12-30,778.55,792.45,34356689.0
GOOGL,2016-11-30,810.87,775.88,48353316.0
GOOGL,2016-10-31,802.55,809.9,35391730.0
GOOGL,2016-09-30,791.98,804.06,31576994.0
GOOGL,2016-08-31,786.67,789.85,28857075.0
GOOGL,2016-07-29,705.1,791.34,32667502.0
GOOGL,2016-06-30,748.47,703.53,41979195.0
GOOGL,2016-05-31,711.92,748.85,34108232.0
GOOGL,2016-04-29,757.16,707.88,46661769.0
GOOGL,2016-03-31,721.3,762.9,42564849.0
GOOGL,2016-02-29,771.26,717.22,67647477.0
GOOGL,2016-01-29,762.2,761.35,51999240.0
GOOGL,2015-12-31,766.94,778.01,43650531.0
GOOGL,2015-11-30,737.88,762.85,37574197.0
GOOGL,2015-10-30,637.94,737.39,50293840.0
GOOGL,2015-09-30,633.66,637.2,43458108.0
GOOGL,2015-08-31,657.66,647.82,55344735.0
GOOGL,2015-07-31,543.66,657.5,68543766.0
GOOGL,2015-06-30,548.73,540.04,35218182.0
GOOGL,2015-05-29,550.51,545.32,32421761.0
GOOGL,2015-04-30,554.83,548.77,43746541.0
GOOGL,2015-03-31,567.0,554.7,43207344.0
GOOGL,2015-02-27,534.32,562.63,40420326.0
GOOGL,2015-01-30,532.6,537.55,52843510.0
GOOGL,2014-12-31,545.09,530.66,54469614.0
GOOGL,2014-11-28,563.53,549.08,29775322.0
GOOGL,2014-10-31,586.8,567.87,55503010.0
GOOGL,2014-09-30,582.95,588.41,35413703.0
GOOGL,2014-08-29,578.555,582.36,29046600.0
GOOGL,2014-07-31,587.65,579.55,38583300.0
GOOGL,2014-06-30,569.75,584.67,39445800.0
GOOGL,2014-05-30,534.25,571.65,41456800.0
GOOGL,2014-04-30,1120.27,534.88,68887600.0
GOOGL,2014-03-31,1206.75,1114.51,87224100.0
GOOGL,2014-02-28,1179.2,1215.65,81010500.0
GOOGL,2014-01-31,1115.46,1180.97,108913300.0
GOOGL,2013-12-31,1063.51,1120.71,67617600.0
GOOGL,2013-11-29,1031.79,1059.59,52459700.0
GOOGL,2013-10-31,880.25,1030.58,110337300.0
GOOGL,2013-09-30,854.36,875.91,66180000.0
GOOGL,2013-08-30,895.0,846.9,66906000.0
GOOGL,2013-07-31,886.45,887.75,102387300.0
GOOGL,2013-06-28,873.0,880.37,97063000.0
GOOGL,2013-05-31,823.26,871.218,98734600.0
GOOGL,2013-04-30,795.01,824.57,106996300.0
GOOGL,2013-03-28,797.8,794.188,85011800.0
GOOGL,2013-02-28,758.2,801.2,92587100.0
GOOGL,2013-01-31,719.42,755.69,104704600.0
GOOGL,2012-12-31,702.24,707.38,83306700.0
GOOGL,2012-11-30,679.5,698.37,93264000.0
GOOGL,2012-10-31,759.05,680.2976,143452800.0
GOOGL,2012-09-28,684.55,754.5,120233800.0
GOOGL,2012-08-31,637.3,685.09,94031300.0
GOOGL,2012-07-31,581.82,632.97,102469600.0
GOOGL,2012-06-29,571.79,580.07,92914500.0
GOOGL,2012-05-31,603.79,580.86,117228000.0
GOOGL,2012-04-30,640.77,604.85,117636800.0
GOOGL,2012-03-30,622.26,641.24,94564700.0
GOOGL,2012-02-29,584.94,618.25,94633500.0
GOOGL,2012-01-31,652.94,580.11,147136900.0
GOOGL,2011-12-30,600.0,645.9,109983800.0
GOOGL,2011-11-30,580.1,599.39,120479300.0
GOOGL,2011-10-31,509.85,592.64,154275400.0
GOOGL,2011-09-30,540.75,515.04,117140800.0
GOOGL,2011-08-31,611.22,540.96,213336700.0
GOOGL,2011-07-29,506.74,603.69,161948200.0
GOOGL,2011-06-30,528.04,506.38,118130800.0
GOOGL,2011-05-31,545.7,529.02,90564200.0
GOOGL,2011-04-29,588.76,544.1,140342000.0
GOOGL,2011-03-31,617.78,586.76,120156600.0
GOOGL,2011-02-28,604.49,613.4,83653600.0
GOOGL,2011-01-31,596.48,600.36,119847800.0
GOOGL,2010-12-31,563.0,593.97,84484800.0
GOOGL,2010-11-30,615.73,555.71,116766000.0
GOOGL,2010-10-29,530.0,613.7,158536000.0
GOOGL,2010-09-30,454.98,525.79,119281400.0
GOOGL,2010-08-31,488.99,450.02,105603500.0
GOOGL,2010-07-30,445.29,484.85,138480300.0
GOOGL,2010-06-30,480.43,444.95,119605600.0
GOOGL,2010-05-28,526.5,485.63,162958300.0
GOOGL,2010-04-30,571.35,525.695,145974700.0
GOOGL,2010-03-31,529.2,567.12,167380600.0
GOOGL,2010-02-26,534.602,526.8,103963600.0
GOOGL,2010-01-29,626.95,529.944,178021600.0
GOOGL,2009-12-31,588.13,619.98,85154200.0
GOOGL,2009-11-30,537.08,583.0,81729700.0
GOOGL,2009-10-30,493.0,536.12,154193500.0
GOOGL,2009-09-30,459.68,495.85,102056300.0
GOOGL,2009-08-31,448.74,461.67,97378800.0
GOOGL,2009-07-31,424.2,443.05,145887200.0
GOOGL,2009-06-30,418.73,421.59,140780100.0
GOOGL,2009-05-29,395.03,417.23,113955500.0
GOOGL,2009-04-30,343.78,395.97,175489100.0
GOOGL,2009-03-31,333.33,348.06,227721500.0
GOOGL,2009-02-27,334.27,337.99,222946400.0
GOOGL,2009-01-30,308.5995,338.53,219542700.0
GOOGL,2008-12-31,286.68,307.65,225787700.0
GOOGL,2008-11-28,357.58,292.96,315749100.0
GOOGL,2008-10-31,411.15,359.36,398191400.0
GOOGL,2008-09-30,476.77,400.52,267887800.0
GOOGL,2008-08-29,472.06,463.29,137490300.0
GOOGL,2008-07-31,520.0,473.75,207962700.0
GOOGL,2008-06-30,582.5,526.42,187380600.0
GOOGL,2008-05-30,578.31,585.8,209055200.0
GOOGL,2008-04-30,447.74,574.29,285802500.0
GOOGL,2008-03-31,471.51,440.47,290938800.0
GOOGL,2008-02-29,528.67,471.18,354015500.0
GOOGL,2008-01-31,692.87,564.3,315262000.0
GOOGL,2007-12-31,691.01,691.48,170456500.0
GOOGL,2007-11-30,702.79,693.0,342606600.0
GOOGL,2007-10-31,569.97,707.0,310590000.0
GOOGL,2007-09-28,515.02,567.27,138687900.0
GOOGL,2007-08-31,510.5,515.25,177222800.0
GOOGL,2007-07-31,525.49,510.0,233027400.0
GOOGL,2007-06-29,501.0,522.7001,257837700.0
GOOGL,2007-05-31,472.19,497.909,198963200.0
GOOGL,2007-04-30,457.76,471.38,185730000.0
GOOGL,2007-03-30,442.67,458.16,235995600.0
GOOGL,2007-02-28,506.0,449.45,227599400.0
GOOGL,2007-01-31,466.0,501.5,248923900.0
GOOGL,2006-12-29,485.98,460.48,183144000.0
GOOGL,2006-11-30,478.755,484.81,236642800.0
GOOGL,2006-10-31,401.9,476.39,316709800.0
GOOGL,2006-09-29,380.995,401.9,242858900.0
GOOGL,2006-08-31,385.11,378.53,213728900.0
GOOGL,2006-07-31,420.04,386.6,254787800.0
GOOGL,2006-06-30,373.54,419.33,284475000.0
GOOGL,2006-05-31,417.85,371.82,351526700.0
GOOGL,2006-04-28,389.75,417.94,370257300.0
GOOGL,2006-03-31,369.0,390.0,612913300.0
GOOGL,2006-02-28,389.86,362.62,594453900.0
GOOGL,2006-01-31,422.52,432.6601,597481100.0
GOOGL,2005-12-30,409.2,414.86,397165000.0
GOOGL,2005-11-30,371.86,404.9125,422908000.0
GOOGL,2005-10-31,313.63,372.14,385538000.0
GOOGL,2005-09-30,285.91,316.46,339965100.0
GOOGL,2005-08-31,288.48,286.0,285656800.0
GOOGL,2005-07-29,295.04,287.76,409487200.0
GOOGL,2005-06-30,283.2,294.15,777224400.0
GOOGL,2005-05-31,222.05,277.27,507029100.0
GOOGL,2005-04-29,181.76,220.0,452927500.0
GOOGL,2005-03-31,189.29,180.51,343553000.0
GOOGL,2005-02-28,194.38,187.99,650567500.0
GOOGL,2005-01-31,197.4,195.62,409918400.0
GOOGL,2004-12-31,181.77,192.79,290392600.0
GOOGL,2004-11-30,193.5,181.98,554632100.0
GOOGL,2004-10-29,130.8,190.64,513620700.0
GOOGL,2004-09-30,102.7,129.6,212494700.0
META,2024-01-02,351.55,346.29,18049319.0
META,2023-12-29,325.48,353.96,334028198.0
META,2023-11-30,301.85,327.15,329354280.0
META,2023-10-31,302.74,301.27,511372074.0
META,2023-09-29,299.37,300.21,406801410.0
META,2023-08-31,317.535,295.89,424632813.0
META,2023-07-31,286.7,318.6,625339455.0
META,2023-06-30,265.9,286.98,481179600.0
META,2023-05-31,238.615,264.72,487059059.0
META,2023-04-28,208.84,240.32,439810216.0
META,2023-03-31,174.59,211.94,690450690.0
META,2023-02-28,148.03,174.94,772199855.0
META,2023-01-31,122.82,148.97,548770812.0
META,2022-12-30,119.198,120.34,653019661.0
META,2022-11-30,94.33,118.1,1063814422.0
META,2022-10-31,137.14,93.16,1114165581.0
META,2022-09-30,163.58,135.68,634744508.0
META,2022-08-31,157.25,162.93,551637733.0
META,2022-07-29,160.31,159.1,586548218.0
META,2022-06-30,196.51,161.25,686376324.0
META,2022-05-31,201.165,193.64,680370106.0
META,2022-04-29,224.55,200.47,671047219.0
META,2022-03-31,209.87,222.36,730939429.0
META,2022-02-28,314.555,211.03,1127891130.0
META,2022-01-31,338.295,313.26,426742200.0
META,2021-12-31,330.29,336.35,437947523.0
META,2021-11-30,326.04,324.46,440274313.0
META,2021-10-29,341.61,323.57,588382461.0
META,2021-09-30,379.59,339.39,338133948.0
META,2021-08-31,358.1,379.38,226135690.0
META,2021-07-30,346.82,356.3,334221334.0
META,2021-06-30,330.15,347.71,344609593.0
META,2021-05-28,326.17,328.73,353419284.0
META,2021-04-30,298.4,325.08,421280404.0
META,2021-03-31,260.82,294.53,497455263.0
META,2021-02-26,259.52,257.62,315517591.0
META,2021-01-29,274.78,258.33,452021869.0
META,2020-12-31,279.16,273.16,363610072.0
META,2020-11-30,264.6,276.97,356724889.0
META,2020-10-30,265.35,263.11,454176190.0
META,2020-09-30,294.71,261.9,499179596.0
META,2020-08-31,252.65,293.2,574266263.0
META,2020-07-31,228.5,253.67,516844579.0
META,2020-06-30,224.59,227.07,548043739.0
META,2020-05-29,201.6,225.09,509432028.0
META,2020-04-30,161.62,204.71,541538950.0
META,2020-03-31,194.03,166.8,649513169.0
META,2020-02-28,203.44,192.47,317634511.0
META,2020-01-31,206.75,201.91,347787838.0
META,2019-12-31,202.13,205.25,278225688.0
META,2019-11-29,192.85,201.64,258577372.0
META,2019-10-31,179.15,191.65,329115789.0
META,2019-09-30,184.0,178.08,267509200.0
META,2019-08-30,194.17,185.67,295147285.0
META,2019-07-31,195.21,194.23,351062381.0
META,2019-06-28,175.0,193.0,426428460.0
META,2019-05-31,194.78,177.47,286821828.0
META,2019-04-30,167.83,193.4,382184268.0
META,2019-03-29,162.6,166.69,388172717.0
META,2019-02-28,165.84,161.45,302243555.0
META,2019-01-31,128.99,166.69,527561443.0
META,2018-12-31,143.0,131.09,558786249.0
META,2018-11-30,151.52,140.61,518150415.0
META,2018-10-31,163.03,151.79,622446235.0
META,2018-09-28,173.5,164.46,500468912.0
META,2018-08-31,173.93,175.73,549016789.0
META,2018-07-31,193.37,172.58,652763259.0
META,2018-06-29,193.07,194.32,387265765.0
META,2018-05-31,172.0,191.78,401144183.0
META,2018-04-30,157.81,172.0,751130388.0
META,2018-03-29,179.01,159.79,983045332.0
META,2018-02-28,188.22,178.32,497869797.0
META,2018-01-31,177.68,186.89,464919779.0
META,2017-12-29,176.03,176.46,308647940.0
META,2017-11-30,182.36,177.18,335716436.0
META,2017-10-31,171.39,180.06,309836859.0
META,2017-09-29,172.4,170.87,300559928.0
META,2017-08-31,169.82,171.97,297781301.0
META,2017-07-31,151.72,169.25,402911091.0
META,2017-06-30,151.75,150.98,405705533.0
META,2017-05-31,151.74,151.46,390036541.0
META,2017-04-28,141.93,150.25,273330661.0
META,2017-03-31,136.47,142.05,342098632.0
META,2017-02-28,132.25,135.54,384700625.0
META,2017-01-31,116.03,130.32,379004804.0
META,2016-12-30,118.38,115.05,408728358.0
META,2016-11-30,131.41,118.42,654602125.0
META,2016-10-31,128.38,130.99,313284563.0
META,2016-09-30,126.38,128.27,376582063.0
META,2016-08-31,123.85,126.12,365670913.0
META,2016-07-29,114.2,123.94,470108473.0
META,2016-06-30,118.5,114.28,451155442.0
META,2016-05-31,117.83,118.81,460559986.0
META,2016-04-29,113.75,117.58,741613866.0
META,2016-03-31,107.83,114.1,521143963.0
META,2016-02-29,112.27,106.92,874152635.0
META,2016-01-29,101.95,112.21,792709100.0
META,2015-12-31,104.83,104.66,440479804.0
META,2015-11-30,102.46,104.24,547199822.0
META,2015-10-30,90.05,101.97,571991600.0
META,2015-09-30,86.99,89.73,634104916.0
META,2015-08-31,93.53,89.43,709770559.0
META,2015-07-31,86.77,94.01,790781334.0
META,2015-06-30,79.3,85.765,537956820.0
META,2015-05-29,79.24,79.19,421870709.0
META,2015-04-30,82.5,78.77,542124478.0
META,2015-03-31,79.0,82.215,575349997.0
META,2015-02-27,76.11,78.97,475148609.0
META,2015-01-30,78.58,75.91,546057661.0
META,2014-12-31,77.26,78.02,534690249.0
META,2014-11-28,75.47,77.7,491018048.0
META,2014-10-31,78.78,74.99,1083643275.0
META,2014-09-30,75.01,79.04,719738102.0
META,2014-08-29,72.22,74.82,589592700.0
META,2014-07-31,67.58,72.65,1025679500.0
META,2014-06-30,63.23,67.29,862067700.0
META,2014-05-30,60.43,63.3,1120155500.0
META,2014-04-30,60.46,59.78,1884621400.0
META,2014-03-31,66.96,60.24,1255440000.0
META,2014-02-28,63.03,68.46,1110774100.0
META,2014-01-31,54.83,62.57,1294714800.0
META,2013-12-31,46.9,54.649,1517533200.0
META,2013-11-29,50.85,47.01,1357311900.0
META,2013-10-31,49.97,50.205,2032635000.0
META,2013-09-30,41.84,50.23,1583083800.0
META,2013-08-30,37.3,41.294,1344994100.0
META,2013-07-31,24.9694,36.8,1438017100.0
META,2013-06-28,24.265,24.88,788331500.0
META,2013-05-31,27.85,24.348,982094800.0
META,2013-04-30,25.63,27.769,738509200.0
META,2013-03-28,27.05,25.58,727180500.0
META,2013-02-28,31.01,27.25,957639800.0
META,2013-01-31,27.44,30.981,1675851700.0
META,2012-12-31,27.9999,26.6197,1191832200.0
META,2012-11-30,21.08,28.0,1527490200.0
META,2012-10-31,22.08,21.11,1100938300.0
META,2012-09-28,18.08,21.66,1058643700.0
META,2012-08-31,21.5,18.058,1151944900.0
META,2012-07-31,31.25,21.71,520189700.0
META,2012-06-29,28.892,31.095,667910500.0
MSFT,2024-01-02,373.69,370.87,24824974.0
MSFT,2023-12-29,376.76,376.04,521914675.0
MSFT,2023-11-30,339.79,378.91,564165364.0
MSFT,2023-10-31,316.28,338.11,540963749.0
MSFT,2023-09-29,331.31,315.75,416768824.0
MSFT,2023-08-31,335.19,327.76,479669427.0
MSFT,2023-07-31,339.19,335.92,666956355.0
MSFT,2023-06-30,325.93,340.54,547748450.0
MSFT,2023-05-31,306.97,328.39,600453246.0
MSFT,2023-04-28,286.52,307.26,551356990.0
MSFT,2023-03-31,250.76,288.3,747751976.0
MSFT,2023-02-28,248.0,249.42,615540778.0
MSFT,2023-01-31,243.08,247.81,666168068.0
MSFT,2022-12-30,253.87,239.82,591366468.0
MSFT,2022-11-30,234.6,255.14,615328220.0
MSFT,2022-10-31,235.41,232.13,671366804.0
MSFT,2022-09-30,258.87,232.9,575416752.0
MSFT,2022-08-31,277.82,261.47,476959033.0
MSFT,2022-07-29,256.39,280.74,534986150.0
MSFT,2022-06-30,275.195,256.83,621501474.0
MSFT,2022-05-31,277.71,271.87,742766114.0
MSFT,2022-04-29,309.37,277.52,622644983.0
MSFT,2022-03-31,296.4,308.31,732627846.0
MSFT,2022-02-28,310.41,298.79,697204843.0
MSFT,2022-01-31,335.35,310.98,946705316.0
MSFT,2021-12-31,335.13,336.32,625743806.0
MSFT,2021-11-30,331.355,330.59,507120518.0
MSFT,2021-10-29,282.1217,331.62,516523658.0
MSFT,2021-09-30,302.865,281.92,502931199.0
MSFT,2021-08-31,286.36,301.88,440360333.0
MSFT,2021-07-30,269.61,284.91,522303043.0
MSFT,2021-06-30,251.23,270.9,508388858.0
MSFT,2021-05-28,253.4,249.68,495089530.0
MSFT,2021-04-30,238.47,252.18,568698272.0
MSFT,2021-03-31,235.9,235.77,724981506.0
MSFT,2021-02-26,235.06,232.38,489396912.0
MSFT,2021-01-29,222.53,231.96,647897096.0
MSFT,2020-12-31,214.51,222.42,593966967.0
MSFT,2020-11-30,204.29,214.07,573325190.0
MSFT,2020-10-30,213.49,202.47,631674298.0
MSFT,2020-09-30,225.51,210.33,768528897.0
MSFT,2020-08-31,211.52,225.53,692382980.0
MSFT,2020-07-31,203.14,205.01,769842002.0
MSFT,2020-06-30,182.54,203.51,765012029.0
MSFT,2020-05-29,175.8,183.25,688873081.0
MSFT,2020-04-30,153.0,179.21,984810925.0
MSFT,2020-03-31,165.31,157.71,1612954386.0
MSFT,2020-02-28,170.43,162.01,887894931.0
MSFT,2020-01-31,158.78,170.23,555989763.0
MSFT,2019-12-31,151.81,157.7,452664147.0
MSFT,2019-11-29,144.26,151.38,393028043.0
MSFT,2019-10-31,139.66,143.37,560654410.0
MSFT,2019-09-30,136.61,139.03,477645820.0
MSFT,2019-08-30,137.0,137.86,585509525.0
MSFT,2019-07-31,136.63,136.27,484553299.0
MSFT,2019-06-28,123.85,133.96,508324437.0
MSFT,2019-05-31,130.53,123.68,547218448.0
MSFT,2019-04-30,118.95,130.6,433157868.0
MSFT,2019-03-29,112.89,117.94,589045341.0
MSFT,2019-02-28,103.78,112.03,469095970.0
MSFT,2019-01-31,99.55,104.43,714204787.0
MSFT,2018-12-31,113.0,101.57,944287635.0
MSFT,2018-11-30,107.05,110.89,720228643.0
MSFT,2018-10-31,114.75,106.81,927547942.0
MSFT,2018-09-28,110.85,114.37,480255674.0
MSFT,2018-08-31,106.03,112.33,456630721.0
MSFT,2018-07-31,98.1,106.08,569501573.0
MSFT,2018-06-29,99.28,98.61,602585341.0
MSFT,2018-05-31,93.21,98.84,509418119.0
MSFT,2018-04-30,90.47,93.52,668258570.0
MSFT,2018-03-29,93.99,91.27,732866406.0
MSFT,2018-02-28,94.79,93.77,690287596.0
MSFT,2018-01-31,86.13,95.01,543377322.0
MSFT,2017-12-29,83.6,85.54,447828256.0
MSFT,2017-11-30,83.68,84.17,415711970.0
MSFT,2017-10-31,74.71,83.18,440510118.0
MSFT,2017-09-29,74.71,74.49,367134396.0
MSFT,2017-08-31,73.1,74.77,429156682.0
MSFT,2017-07-31,69.33,72.7,451248934.0
MSFT,2017-06-30,70.24,68.93,610120893.0
MSFT,2017-05-31,68.68,69.84,505249296.0
MSFT,2017-04-28,65.81,68.46,428857613.0
MSFT,2017-03-31,64.13,65.86,489173200.0
MSFT,2017-02-28,64.355,63.98,440744043.0
MSFT,2017-01-31,62.79,64.65,494435826.0
MSFT,2016-12-30,60.11,62.14,513579428.0
MSFT,2016-11-30,59.97,60.26,613056964.0
MSFT,2016-10-31,57.405,59.92,614841775.0
MSFT,2016-09-30,57.01,57.6,526855083.0
MSFT,2016-08-31,56.6,57.46,467079004.0
MSFT,2016-07-29,51.13,56.68,647587634.0
MSFT,2016-06-30,52.44,51.17,823987498.0
MSFT,2016-05-31,50.0,53.0,530869347.0
MSFT,2016-04-29,55.05,49.87,699025640.0
MSFT,2016-03-31,50.97,55.23,640372350.0
MSFT,2016-02-29,54.88,50.88,814770780.0
MSFT,2016-01-29,54.32,55.09,927914485.0
MSFT,2015-12-31,54.41,55.48,793070000.0
MSFT,2015-11-30,52.85,54.35,662622220.0
MSFT,2015-10-30,44.75,52.64,857330655.0
MSFT,2015-09-30,42.23,44.2,670779566.0
MSFT,2015-08-31,46.98,43.52,776277394.0
MSFT,2015-07-31,44.46,46.7,725458102.0
MSFT,2015-06-30,47.06,44.15,664853340.0
MSFT,2015-05-29,48.58,46.86,633072750.0
MSFT,2015-04-30,40.6,48.64,874535095.0
MSFT,2015-03-31,43.67,40.655,824335340.0
MSFT,2015-02-27,40.59,43.85,656509827.0
MSFT,2015-01-30,46.66,40.4,918738022.0
MSFT,2014-12-31,47.88,46.45,626810606.0
MSFT,2014-11-28,46.89,47.81,523008240.0
MSFT,2014-10-31,46.27,46.95,853297059.0
MSFT,2014-09-30,45.43,46.36,860084532.0
MSFT,2014-08-29,43.21,45.43,513429400.0
MSFT,2014-07-31,41.86,43.16,731616500.0
MSFT,2014-06-30,40.95,41.7,555779700.0
MSFT,2014-05-30,40.2401,40.94,574362900.0
MSFT,2014-04-30,41.15,40.4,746113500.0
MSFT,2014-03-31,37.92,40.99,778425700.0
MSFT,2014-02-28,37.74,38.31,705304500.0
MSFT,2014-01-31,37.35,37.84,930226200.0
MSFT,2013-12-31,38.09,37.41,826617700.0
MSFT,2013-11-29,35.67,38.13,800431600.0
MSFT,2013-10-31,33.35,35.405,965331500.0
MSFT,2013-09-30,31.75,33.28,1242961500.0
MSFT,2013-08-30,32.06,33.4,1051265000.0
MSFT,2013-07-31,34.75,31.84,1111130600.0
MSFT,2013-06-28,34.92,34.545,945155500.0
MSFT,2013-05-31,32.93,34.9,1071860000.0
MSFT,2013-04-30,28.64,33.1,1322883228.0
MSFT,2013-03-28,27.72,28.605,844946000.0
MSFT,2013-02-28,27.67,27.8,780587000.0
MSFT,2013-01-31,27.25,27.45,1145054400.0
MSFT,2012-12-31,26.78,26.7097,947310900.0
MSFT,2012-11-30,28.84,26.615,1310516100.0
MSFT,2012-10-31,29.81,28.54,1105402300.0
MSFT,2012-09-28,30.45,29.76,893107700.0
MSFT,2012-08-31,29.59,30.82,671748400.0
MSFT,2012-07-31,30.62,29.47,846604100.0
MSFT,2012-06-29,28.76,30.59,973131400.0
MSFT,2012-05-31,32.05,29.19,1014372600.0
MSFT,2012-04-30,32.22,32.015,940739700.0
MSFT,2012-03-30,31.93,32.255,942366500.0
MSFT,2012-02-29,29.79,31.74,984332300.0
MSFT,2012-01-31,26.55,29.53,1354858100.0
MSFT,2011-12-30,25.56,25.96,1007166600.0
MSFT,2011-11-30,26.19,25.58,1046207400.0
MSFT,2011-10-31,24.72,26.63,1218142500.0
MSFT,2011-09-30,26.46,24.89,1279920200.0
MSFT,2011-08-31,27.51,26.6,1719339500.0
MSFT,2011-07-29,25.93,27.4,1259328200.0
MSFT,2011-06-30,24.99,26.0,1297757600.0
MSFT,2011-05-31,25.94,25.01,1364062800.0
MSFT,2011-04-29,25.53,25.92,1313844800.0
MSFT,2011-03-31,26.6,25.39,1310885200.0
MSFT,2011-02-28,27.8,26.58,1114368500.0
MSFT,2011-01-31,28.05,27.725,1361258700.0
MSFT,2010-12-31,25.57,27.91,1033710000.0
MSFT,2010-11-30,26.88,25.2575,1361176300.0
MSFT,2010-10-29,24.49,26.665,1281432800.0
MSFT,2010-09-30,23.67,24.49,1273139500.0
MSFT,2010-08-31,25.99,23.465,1279372100.0
MSFT,2010-07-30,23.09,25.81,1408590600.0
MSFT,2010-06-30,25.53,23.01,1671811600.0
MSFT,2010-05-28,30.67,25.8,1720130200.0
MSFT,2010-04-30,29.35,30.535,1319029500.0
MSFT,2010-03-31,28.77,29.2875,1110237200.0
MSFT,2010-02-26,28.39,28.67,1074643300.0
MSFT,2010-01-29,30.62,28.18,1359650900.0
MSFT,2009-12-31,29.52,30.48,920605500.0
MSFT,2009-11-30,27.7,29.41,1018256700.0
MSFT,2009-10-30,25.405,27.73,1523430100.0
MSFT,2009-09-30,24.35,25.72,1038979700.0
MSFT,2009-08-31,23.82,24.65,993250400.0
MSFT,2009-07-31,24.05,23.52,1517459800.0
MSFT,2009-06-30,21.0,23.77,1411144700.0
MSFT,2009-05-29,20.19,20.89,1101122400.0
MSFT,2009-04-30,18.23,20.26,1562400700.0
MSFT,2009-03-31,16.035,18.37,1625752800.0
MSFT,2009-02-27,17.01,16.15,1456213400.0
MSFT,2009-01-30,19.5328,17.1,1564043400.0
MSFT,2008-12-31,19.875,19.44,1546943400.0
MSFT,2008-11-28,22.48,20.22,1794911800.0
MSFT,2008-10-31,26.38,22.33,3044579400.0
MSFT,2008-09-30,27.665,26.69,1927538700.0
MSFT,2008-08-29,25.95,27.29,1206949700.0
MSFT,2008-07-31,27.22,25.72,1579425446.0
MSFT,2008-06-30,28.24,27.51,1560439100.0
MSFT,2008-05-30,28.48,28.32,1405170200.0
MSFT,2008-04-30,28.83,28.52,1444720000.0
MSFT,2008-03-31,27.24,28.38,1452390200.0
MSFT,2008-02-29,31.06,27.1999,2324580800.0
MSFT,2008-01-31,35.79,32.6,1950301600.0
MSFT,2007-12-31,33.5,35.6,1064817100.0
MSFT,2007-11-30,36.53,33.6,1830846800.0
MSFT,2007-10-31,29.46,36.81,1772076700.0
MSFT,2007-09-28,28.5,29.46,1117419500.0
MSFT,2007-08-31,28.97,28.73,1228579500.0
MSFT,2007-07-31,29.67,28.99,1295548000.0
MSFT,2007-06-29,30.79,29.47,1181412800.0
MSFT,2007-05-31,29.94,30.6901,1327154700.0
MSFT,2007-04-30,27.89,29.94,958964900.0
MSFT,2007-03-30,27.82,27.87,1269506500.0
MSFT,2007-02-28,30.84,28.17,1290850900.0
MSFT,2007-01-31,29.91,30.86,1324518200.0
MSFT,2006-12-29,29.23,29.86,1137160900.0
MSFT,2006-11-30,28.78,29.36,1239142000.0
MSFT,2006-10-31,27.32,28.71,1290967400.0
MSFT,2006-09-29,25.89,27.35,1097482600.0
MSFT,2006-08-31,24.02,25.7,1134188400.0
MSFT,2006-07-31,23.53,24.06,1332298100.0
MSFT,2006-06-30,22.74,23.3,1971637200.0
MSFT,2006-05-31,24.33,22.65,2309193400.0
MSFT,2006-04-28,27.67,24.15,1446126900.0
MSFT,2006-03-31,26.99,27.21,1437940900.0
MSFT,2006-02-28,27.95,26.87,1047699000.0
MSFT,2006-01-31,26.25,28.15,1388622700.0
MSFT,2005-12-30,27.73,26.15,1271695500.0
MSFT,2005-11-30,25.61,27.68,1444948300.0
MSFT,2005-10-31,25.71,25.7,1439659900.0
MSFT,2005-09-30,27.38,25.73,1348861500.0
MSFT,2005-08-31,25.82,27.38,1441979300.0
MSFT,2005-07-29,24.85,25.61,1321407700.0
MSFT,2005-06-30,25.73,24.84,1303029500.0
MSFT,2005-05-31,25.23,25.8,1270563700.0
MSFT,2005-04-29,24.24,25.3,1520253700.0
MSFT,2005-03-31,25.2,24.17,1541411300.0
MSFT,2005-02-28,26.25,25.16,1361126000.0
MSFT,2005-01-31,26.8,26.28,1521414300.0
MSFT,2004-12-31,26.95,26.72,1803777700.0
MSFT,2004-11-30,28.15,26.81,1739407300.0
MSFT,2004-10-29,27.81,27.97,1300591200.0
MSFT,2004-09-30,27.24,27.65,1141012300.0
MSFT,2004-08-31,28.27,27.3,1094195300.0
MSFT,2004-07-30,28.69,28.49,1550446900.0
MSFT,2004-06-30,26.12,28.56,1534889700.0
MSFT,2004-05-28,26.21,26.23,1141456900.0
MSFT,2004-04-30,24.95,26.13,1558947800.0
MSFT,2004-03-31,26.65,24.93,1703041000.0
MSFT,2004-02-27,27.63,26.53,1032065600.0
MSFT,2004-01-30,27.58,27.65,1232189000.0
MSFT,2003-12-31,25.9,27.37,1476461300.0
MSFT,2003-11-28,26.35,25.71,1442336700.0
MSFT,2003-10-31,28.03,26.14,1400032500.0
MSFT,2003-09-30,26.7,27.8,1253309100.0
MSFT,2003-08-29,26.33,26.52,966506900.0
MSFT,2003-07-31,25.59,26.41,1292011000.0
MSFT,2003-06-30,24.98,25.64,1569995800.0
MSFT,2003-05-30,25.54,24.61,1311003700.0
MSFT,2003-04-30,24.46,25.57,1249617700.0
MSFT,2003-03-31,24.02,24.21,1371902600.0
MSFT,2003-02-28,47.93,23.7,910628150.0
MSFT,2003-01-31,52.3,47.46,859331100.0
MSFT,2002-12-31,58.65,51.7,634185100.0
MSFT,2002-11-29,52.43,57.68,777998600.0
MSFT,2002-10-31,44.32,53.47,1237685300.0
MSFT,2002-09-30,48.52,43.74,847852900.0
MSFT,2002-08-30,47.58,49.08,857878600.0
MSFT,2002-07-31,54.12,47.98,1216094000.0
MSFT,2002-06-28,50.99,54.7,917036500.0
MSFT,2002-05-31,52.16,50.91,710133100.0
MSFT,2002-04-30,59.83,52.26,708739700.0
MSFT,2002-03-28,59.05,60.31,536622100.0
MSFT,2002-02-28,64.15,58.34,565579600.0
MSFT,2002-01-31,66.65,63.71,680057900.0
MSFT,2001-12-31,63.83,66.25,488544500.0
MSFT,2001-11-30,60.08,64.21,665484300.0
MSFT,2001-10-31,50.94,58.15,875445500.0
MSFT,2001-09-28,57.19,51.17,755412200.0
MSFT,2001-08-31,66.8,57.05,576948200.0
MSFT,2001-07-31,72.05,66.19,727600500.0
MSFT,2001-06-29,69.6,73.0,724588900.0
MSFT,2001-05-31,67.66,69.18,888652900.0
MSFT,2001-04-30,54.81,67.75,1037903500.0
MSFT,2001-03-30,58.56,54.69,947674900.0
MSFT,2001-02-28,60.81,59.0,768447800.0
MSFT,2001-01-31,44.13,61.06,1002765600.0
MSFT,2000-12-29,58.06,43.38,1028334100.0
MSFT,2000-11-30,68.5,57.38,991731300.0
MSFT,2000-10-31,60.5,68.87,1234707800.0
MSFT,2000-09-29,70.0,60.31,712766900.0
MSFT,2000-08-31,69.94,69.81,609699900.0
MSFT,2000-07-31,79.69,69.81,617092900.0
MSFT,2000-06-30,64.37,80.0,733525100.0
MSFT,2000-05-31,72.87,62.56,672215400.0
MSFT,2000-04-28,94.44,69.75,1129073300.0
MSFT,2000-03-31,89.62,106.25,1014093800.0
MSFT,2000-02-29,98.5,89.37,667243800.0
MSFT,2000-01-31,117.37,97.87,637437600.0
MSFT,1999-12-31,91.06,116.75,630488900.0
SNAP,2024-01-02,16.52,16.14,29663175.0
SNAP,2023-12-29,13.75,16.93,529789892.0
SNAP,2023-11-30,9.95,13.83,435242899.0
SNAP,2023-10-31,8.87,10.01,670955996.0
SNAP,2023-09-29,10.41,8.91,375739567.0
SNAP,2023-08-31,11.26,10.35,451046850.0
SNAP,2023-07-31,11.9,11.36,764055659.0
SNAP,2023-06-30,10.06,11.84,475029413.0
SNAP,2023-05-31,8.78,10.2,563809011.0
SNAP,2023-04-28,11.07,8.71,579087858.0
SNAP,2023-03-31,10.15,11.21,725410576.0
SNAP,2023-02-28,10.07,10.15,769591088.0
SNAP,2023-01-31,9.15,11.56,567930126.0
SNAP,2022-12-30,10.31,8.95,595620298.0
SNAP,2022-11-30,10.23,10.31,727867410.0
SNAP,2022-10-31,9.96,9.91,1376308329.0
SNAP,2022-09-30,10.94,9.82,807413435.0
SNAP,2022-08-31,9.81,10.88,1274406986.0
SNAP,2022-07-29,13.18,9.88,1355394284.0
SNAP,2022-06-30,14.11,13.13,869371631.0
SNAP,2022-05-31,28.26,14.11,1195122696.0
SNAP,2022-04-29,36.2,28.46,650029005.0
SNAP,2022-03-31,39.81,35.99,560683206.0
SNAP,2022-02-28,34.13,39.94,1146553801.0
SNAP,2022-01-31,47.63,32.54,516769343.0
SNAP,2021-12-31,49.13,47.03,366860915.0
SNAP,2021-11-30,52.99,47.61,382007360.0
SNAP,2021-10-29,74.82,52.58,644165489.0
SNAP,2021-09-30,75.98,73.87,346612597.0
SNAP,2021-08-31,74.3,76.11,275912742.0
SNAP,2021-07-30,68.58,74.42,483003186.0
SNAP,2021-06-30,62.9,68.14,333351541.0
SNAP,2021-05-28,62.04,62.12,367965974.0
SNAP,2021-04-30,53.69,61.82,610615735.0
SNAP,2021-03-31,66.93,52.29,497054173.0
SNAP,2021-02-26,54.0,65.66,526069976.0
SNAP,2021-01-29,50.44,52.94,347239866.0
SNAP,2020-12-31,44.9,50.07,439117437.0
SNAP,2020-11-30,39.53,44.42,552647560.0
SNAP,2020-10-30,26.28,39.39,1203709830.0
SNAP,2020-09-30,22.76,26.11,496163989.0
SNAP,2020-08-31,21.89,22.59,417833019.0
SNAP,2020-07-31,23.65,22.42,643291929.0
SNAP,2020-06-30,19.0,23.49,632097271.0
SNAP,2020-05-29,17.0,18.94,484544621.0
SNAP,2020-04-30,11.32,17.61,820090536.0
SNAP,2020-03-31,14.35,11.89,793408506.0
SNAP,2020-02-28,18.65,14.17,572406697.0
SNAP,2020-01-31,16.62,18.38,539829516.0
SNAP,2019-12-31,15.25,16.33,388947185.0
SNAP,2019-11-29,15.09,15.25,380337447.0
SNAP,2019-10-31,16.04,15.06,806363693.0
SNAP,2019-09-30,16.09,15.8,562159897.0
SNAP,2019-08-30,16.83,15.83,524240570.0
SNAP,2019-07-31,14.73,16.8,788985256.0
SNAP,2019-06-28,11.88,14.3,563513507.0
SNAP,2019-05-31,11.2,11.89,482539936.0
SNAP,2019-04-30,11.14,11.14,669911790.0
SNAP,2019-03-29,9.86,11.02,477427015.0
SNAP,2019-02-28,6.78,9.8,753135053.0
SNAP,2019-01-31,5.38,6.68,427044383.0
SNAP,2018-12-31,6.61,5.51,327088145.0
SNAP,2018-11-30,6.6,6.51,315414093.0
SNAP,2018-10-31,8.5,6.61,693710524.0
SNAP,2018-09-28,10.92,8.48,573591403.0
SNAP,2018-08-31,12.55,10.9,435536964.0
SNAP,2018-07-31,13.05,12.5,325811618.0
SNAP,2018-06-29,11.71,13.09,661873980.0
SNAP,2018-05-31,14.34,11.39,724954135.0
SNAP,2018-04-30,15.67,14.33,420987523.0
SNAP,2018-03-29,17.5,15.87,443045058.0
SNAP,2018-02-28,13.43,17.32,913533026.0
SNAP,2018-01-31,14.69,13.52,354202610.0
SNAP,2017-12-29,13.67,14.61,375870572.0
SNAP,2017-11-30,15.45,13.78,607621421.0
SNAP,2017-10-31,14.6,15.34,449746533.0
SNAP,2017-09-29,14.5,14.54,508752890.0
SNAP,2017-08-31,13.77,14.51,940242480.0
SNAP,2017-07-31,17.91,13.67,344478210.0
SNAP,2017-06-30,21.32,17.77,313557240.0
SNAP,2017-05-31,22.66,21.21,602353722.0
SNAP,2017-04-28,22.7,22.55,231994583.0
